{
  "id" : 80665,
  "update_date" : "Aug 11, 2020 04:54:50 PM",
  "title" : "ProGrad Java Full Stack Course",
  "items" : [
    {
      "id" : 389819,
      "title" : "lesson1",
      "update_date" : "Aug 11, 2020 04:54:57 PM",
      "task_list" : [
        {
          "name" : "javabasics",
          "stepic_id" : 1475902,
          "update_date" : "Aug 11, 2020 04:55:04 PM",
          "files" : {
            "src/Task.java" : {
              "name" : "src/Task.java",
              "placeholders" : [
                {
                  "offset" : 80,
                  "length" : 39,
                  "possible_answer" : "  System.out.println(sayHello());",
                  "placeholder_text" : "// Call the method to return sayHello()"
                },
                {
                  "offset" : 184,
                  "length" : 57,
                  "possible_answer" : "return \"Hello, Java!\";",
                  "placeholder_text" : "// sayHello method should return the value \"Hello, Java!\""
                }
              ],
              "is_visible" : true,
              "text" : "public class Task {\n\n        public static void main(String[] args) {\n          // Call the method to return sayHello()\n        }\n\n        public static String sayHello(){\n            // sayHello method should return the value \"Hello, Java!\"\n        }\n    }\n\n"
            },
            "test/TaskTests.java" : {
              "name" : "test/TaskTests.java",
              "placeholders" : [ ],
              "is_visible" : false,
              "text" : "\nimport org.junit.Test;\n\nimport static org.junit.Assert.assertEquals;\n\npublic class TaskTests {\n  @Test\n  public void testSolution() {\n    // put your test here\n    assertEquals(\"You should say hello to Java\",\n            \"Hello, Java!\", Task.sayHello());\n  }\n}"
            }
          },
          "description_text" : "<html>\n<h1> Simple Hello output</h1>\n<p>Your task is to create a method called as sayHello() and the method should return a string \"Hello, Java!\"</p>\n</html>",
          "description_format" : "HTML",
          "feedback_link" : {
            "link_type" : "STEPIK"
          },
          "task_type" : "edu"
        }
      ],
      "unit_id" : 378931,
      "type" : "lesson"
    }
  ],
  "authors" : [
    "Venkatesh"
  ],
  "summary" : "Java Full Stack course.\nCreated: Aug 11, 2020, 8:32:38 PM.\nCreated By: ProGrad Team",
  "programming_language" : "JAVA",
  "language" : "en",
  "additional_files" : [
    {
      "name" : "build.gradle",
      "placeholders" : [ ],
      "is_visible" : true,
      "text" : "buildscript {\n    repositories {\n        mavenCentral()\n    }\n}\n\ndef printOutput(def output) {\n    return tasks.create(\"printOutput\") {\n        for (line in output.toString().readLines()) {\n            println \"#educational_plugin\" + line\n        }\n    }\n}\n\nsubprojects {\n    apply plugin: 'application'\n    apply plugin: 'java'\n\n    sourceCompatibility = 1.8\n\n    repositories {\n        mavenCentral()\n    }\n\n    dependencies {\n        testCompile group: 'junit', name: 'junit', version: '4.12'\n    }\n\n    sourceSets {\n        main {\n            java.srcDir 'src'\n        }\n        test {\n            java.srcDir 'test'\n        }\n    }\n\n    mainClassName = project.hasProperty(\"mainClass\") ? project.getProperty(\"mainClass\") : \"\"\n\n    def runOutput = new ByteArrayOutputStream()\n    tasks.run.setStandardOutput(runOutput)\n    tasks.run.doLast { printOutput(runOutput) }\n}\n\nproject(':util') {\n    dependencies {\n        compile group: 'junit', name: 'junit', version: '4.12'\n    }\n}\n\nconfigure(subprojects.findAll {it.name != 'util'}) {\n  dependencies {\n    compile project(':util').sourceSets.main.output\n    testCompile project(':util').sourceSets.test.output\n  }\n}\n"
    }
  ],
  "course_type" : "PyCharm",
  "version" : 11
}